Language,mean_forms_per_lemma,feature_entropy,feature_diversity
English,1.3430438124519601,3.448263229514137,0.0009268769257746938
Russian,2.2125611745513867,6.66411880871182,0.005561233180037472
Turkish,2.3999011776332044,5.006114490516171,0.005914001270917179
